trial,records,payload_max,cutoff,threads,nodes,total_ranks,generate_unsorted_ms,reading_ms,reading_and_sorting_ms,writing_ms,check_if_sorted_ms,sorted
1,100000,8,10000,1,1,1,1.264,5.958,16.538,3118.501,392.765,1
1,100000,8,10000,2,1,1,0.917,4.627,12.904,68.496,2.119,1
1,100000,8,10000,4,1,1,1.077,4.577,11.620,22.732,2.240,1
1,100000,8,10000,8,1,1,0.892,4.768,11.833,21.994,2.255,1
1,100000,8,10000,16,1,1,0.956,4.526,10.997,20.583,2.206,1
1,100000,8,10000,32,1,1,0.867,4.375,11.577,16.623,1.821,1
1,100000,32,10000,1,1,1,0.872,6.658,17.470,24.924,2.697,1
1,100000,32,10000,2,1,1,0.831,6.903,15.173,51.530,2.639,1
1,100000,32,10000,4,1,1,0.927,7.089,14.331,27.573,2.628,1
1,100000,32,10000,8,1,1,0.910,6.901,13.576,36.547,2.485,1
1,100000,32,10000,16,1,1,0.900,6.764,15.082,26.368,2.772,1
1,100000,32,10000,32,1,1,0.872,6.679,13.714,27.118,2.582,1
1,100000,128,10000,1,1,1,0.862,14.703,24.576,73.546,4.778,1
1,100000,128,10000,2,1,1,0.893,14.746,22.706,4993.266,10.218,1
1,100000,128,10000,4,1,1,0.976,14.931,22.936,3578.577,2420.177,1
1,100000,128,10000,8,1,1,0.843,14.944,21.304,146.146,4.707,1
1,100000,128,10000,16,1,1,0.931,13.760,19.523,72.442,3.976,1
1,100000,128,10000,32,1,1,0.879,12.454,19.602,65.310,4.127,1
1,1000000,8,10000,1,1,1,0.913,39.041,166.865,183.776,9.556,1
1,1000000,8,10000,2,1,1,0.801,38.034,137.515,214.931,21.615,1
1,1000000,8,10000,4,1,1,0.798,39.111,116.089,200.984,17.901,1
1,1000000,8,10000,8,1,1,0.799,38.983,98.783,210.733,16.957,1
1,1000000,8,10000,16,1,1,0.809,40.433,87.036,212.880,21.777,1
1,1000000,8,10000,32,1,1,0.841,37.183,76.569,188.002,17.301,1
1,1000000,32,10000,1,1,1,0.832,56.207,185.472,310.366,16.535,1
1,1000000,32,10000,2,1,1,0.823,58.511,156.321,324.761,16.370,1
1,1000000,32,10000,4,1,1,0.796,57.531,134.353,297.923,15.803,1
1,1000000,32,10000,8,1,1,0.755,56.666,115.170,294.760,17.110,1
1,1000000,32,10000,16,1,1,1.025,56.803,101.560,292.497,17.136,1
1,1000000,32,10000,32,1,1,0.742,53.072,93.291,256.993,34.389,1
1,1000000,128,10000,1,1,1,0.891,128.177,256.240,671.345,35.211,1
1,1000000,128,10000,2,1,1,0.798,124.969,222.670,3271.655,50.002,1
1,1000000,128,10000,4,1,1,2.483,266.627,341.941,1506.154,61.924,1
1,1000000,128,10000,8,1,1,0.911,132.324,188.000,1120.865,280.656,1
1,1000000,128,10000,16,1,1,0.829,134.996,181.290,1181.434,69.815,1
1,1000000,128,10000,32,1,1,0.795,120.447,160.309,1226.330,148.068,1
1,10000000,8,10000,1,1,1,0.941,391.608,1962.528,3523.878,109.828,1
1,10000000,8,10000,2,1,1,0.856,388.981,1571.308,3261.844,96.699,1
1,10000000,8,10000,4,1,1,0.872,391.161,1300.782,3026.149,95.043,1
1,10000000,8,10000,8,1,1,0.961,385.351,973.526,3116.553,98.651,1
1,10000000,8,10000,16,1,1,0.891,388.493,839.503,2854.997,99.115,1
1,10000000,8,10000,32,1,1,0.732,361.221,730.525,2969.022,94.302,1
1,10000000,32,10000,1,1,1,0.908,591.066,2161.263,4426.639,154.693,1
1,10000000,32,10000,2,1,1,0.916,584.150,1759.921,4924.232,158.886,1
1,10000000,32,10000,4,1,1,0.794,565.234,1487.879,4827.553,167.717,1
1,10000000,32,10000,8,1,1,0.826,569.039,1184.480,4705.646,159.268,1
1,10000000,32,10000,16,1,1,0.906,580.883,1033.984,4934.646,162.766,1
1,10000000,32,10000,32,1,1,0.898,534.165,903.883,5264.061,168.433,1
1,10000000,128,10000,1,1,1,0.847,1255.536,2825.126,10975.661,343.362,1
1,10000000,128,10000,2,1,1,0.869,1254.790,2428.620,10275.412,342.062,1
1,10000000,128,10000,4,1,1,0.862,1261.666,2137.675,10900.997,347.225,1
1,10000000,128,10000,8,1,1,0.864,1263.830,1848.128,10497.197,337.914,1
1,10000000,128,10000,16,1,1,0.837,1293.150,1744.156,10308.433,342.719,1
1,10000000,128,10000,32,1,1,0.811,1153.029,1515.292,6334.382,329.115,1
1,100000000,8,10000,1,1,1,0.964,4011.617,23757.691,19649.378,848.435,1
1,100000000,8,10000,2,1,1,0.917,5740.828,20176.496,32712.635,864.796,1
1,100000000,8,10000,4,1,1,0.963,3728.494,14194.601,81394.257,851.454,1
1,100000000,8,10000,8,1,1,0.942,3864.719,11164.431,123376.114,895.621,1
1,100000000,8,10000,16,1,1,0.996,4033.679,9183.418,131228.570,866.673,1
1,100000000,8,10000,32,1,1,0.815,3472.205,7363.019,26360.462,830.129,1
1,100000000,32,10000,1,1,1,0.830,5645.367,25445.207,93038.970,2564.024,1
1,100000000,32,10000,2,1,1,0.910,5657.402,20506.937,184645.058,1486.402,1
1,100000000,32,10000,4,1,1,0.919,5539.193,15997.077,149659.645,1488.907,1
1,100000000,32,10000,8,1,1,0.887,5591.647,12674.243,156545.303,1496.086,1
1,100000000,32,10000,16,1,1,0.896,5562.044,10674.028,161258.634,1604.937,1
1,100000000,32,10000,32,1,1,0.832,5325.818,9106.378,191236.507,1428.894,1
1,100000000,128,10000,1,1,1,0.973,12308.290,32118.647,447621.861,3336.117,1
1,100000000,128,10000,2,1,1,0.853,12362.952,26639.938,361760.944,3682.856,1
1,100000000,128,10000,4,1,1,0.860,12571.935,23185.209,408816.647,3451.293,1
1,100000000,128,10000,8,1,1,0.927,12742.900,19616.793,375028.157,3416.405,1
1,100000000,128,10000,16,1,1,0.853,12643.658,17642.454,113114.901,3327.307,1
1,100000000,128,10000,32,1,1,0.761,11429.283,15176.277,366454.315,3372.774,1
1,100000,8,10000,1,2,2,0.959,11.722,21.047,70.006,13.797,1
1,100000,8,10000,2,2,2,0.870,21.870,30.936,64.505,11.644,1
1,100000,8,10000,4,2,2,0.975,11.692,21.480,64.326,11.298,1
1,100000,8,10000,8,2,2,1.204,10.991,22.554,75.995,13.387,1
1,100000,8,10000,16,2,2,0.891,21.766,31.877,60.792,12.587,1
1,100000,8,10000,32,2,2,0.793,11.456,21.607,66.347,13.877,1
1,100000,32,10000,1,2,2,0.991,21.723,31.060,80.395,13.076,1
1,100000,32,10000,2,2,2,0.849,10.956,19.747,84.711,13.758,1
1,100000,32,10000,4,2,2,0.960,21.376,31.121,82.362,17.522,1
1,100000,32,10000,8,2,2,0.881,20.443,29.989,81.741,13.238,1
1,100000,32,10000,16,2,2,0.889,21.897,31.833,84.153,13.553,1
1,100000,32,10000,32,2,2,0.857,11.488,21.911,83.688,16.404,1
1,100000,128,10000,1,2,2,0.946,31.614,41.058,169.248,13.694,1
1,100000,128,10000,2,2,2,0.839,31.889,41.420,1450.686,15.523,1
1,100000,128,10000,4,2,2,0.847,32.024,42.080,190.569,17.551,1
1,100000,128,10000,8,2,2,0.885,32.097,41.738,214.361,16.497,1
1,100000,128,10000,16,2,2,0.902,31.903,41.373,257.520,24.196,1
1,100000,128,10000,32,2,2,0.756,31.911,42.560,505.401,15.300,1
1,1000000,8,10000,1,2,2,0.840,61.676,160.074,545.062,22.580,1
1,1000000,8,10000,2,2,2,0.855,62.099,147.036,391.003,20.483,1
1,1000000,8,10000,4,2,2,0.839,64.258,143.304,334.061,21.191,1
1,1000000,8,10000,8,2,2,0.817,66.858,136.488,642.148,22.739,1
1,1000000,8,10000,16,2,2,1.026,64.223,127.815,425.273,21.789,1
1,1000000,8,10000,32,2,2,0.888,58.421,121.197,541.939,21.765,1
1,1000000,32,10000,1,2,2,0.995,85.043,182.075,1620.325,33.845,1
1,1000000,32,10000,2,2,2,0.889,83.615,169.996,572.177,29.232,1
1,1000000,32,10000,4,2,2,0.859,89.613,170.376,668.307,29.928,1
1,1000000,32,10000,8,2,2,0.868,83.291,150.820,308.508,38.670,1
1,1000000,32,10000,16,2,2,1.006,83.666,147.441,300.425,25.419,1
1,1000000,32,10000,32,2,2,0.801,72.173,135.177,288.597,15.989,1
1,1000000,128,10000,1,2,2,0.865,154.064,251.281,691.899,43.454,1
1,1000000,128,10000,2,2,2,1.017,163.162,245.402,723.703,40.669,1
1,1000000,128,10000,4,2,2,1.135,169.075,244.739,710.846,37.707,1
1,1000000,128,10000,8,2,2,1.074,167.472,236.934,703.747,35.577,1
1,1000000,128,10000,16,2,2,0.914,165.453,231.030,696.921,35.559,1
1,1000000,128,10000,32,2,2,0.815,164.387,227.743,701.340,33.356,1
1,10000000,8,10000,1,2,2,0.970,514.350,1650.396,2006.825,88.748,1
1,10000000,8,10000,2,2,2,0.934,511.095,1446.609,2153.590,89.603,1
1,10000000,8,10000,4,2,2,0.849,506.012,1306.096,2021.025,86.480,1
1,10000000,8,10000,8,2,2,0.934,502.675,1183.558,2089.548,102.448,1
1,10000000,8,10000,16,2,2,0.993,500.910,1119.294,2072.824,87.180,1
1,10000000,8,10000,32,2,2,0.896,454.518,1018.205,1849.406,81.609,1
1,10000000,32,10000,1,2,2,1.188,697.537,1820.691,3116.673,170.377,1
1,10000000,32,10000,2,2,2,0.846,686.024,1625.406,3051.164,169.358,1
1,10000000,32,10000,4,2,2,2.390,802.278,1609.381,6785.116,190.434,1
1,10000000,32,10000,8,2,2,1.040,695.203,1379.720,6337.700,188.821,1
1,10000000,32,10000,16,2,2,0.842,686.989,1310.726,4706.753,192.364,1
1,10000000,32,10000,32,2,2,0.834,627.120,1187.650,4615.223,149.101,1
1,10000000,128,10000,1,2,2,0.955,1379.202,2500.848,10222.025,356.144,1
1,10000000,128,10000,2,2,2,0.874,1383.966,2323.731,9912.697,336.380,1
1,10000000,128,10000,4,2,2,0.876,1380.819,2183.361,10612.677,354.223,1
1,10000000,128,10000,8,2,2,0.959,1375.075,2067.727,11125.675,358.047,1
1,10000000,128,10000,16,2,2,1.008,1388.731,2002.568,11372.980,345.693,1
1,10000000,128,10000,32,2,2,0.801,1267.590,1830.874,10590.538,317.803,1
1,100000000,8,10000,1,2,2,1.012,4706.578,17825.340,85598.856,871.537,1
1,100000000,8,10000,2,2,2,1.061,4646.457,15339.857,43049.012,842.856,1
1,100000000,8,10000,4,2,2,1.023,4808.818,13838.000,99503.868,841.282,1
1,100000000,8,10000,8,2,2,0.836,4851.644,12142.667,87562.470,826.953,1
1,100000000,8,10000,16,2,2,0.899,4805.516,11132.101,19289.385,2303.512,1
1,100000000,8,10000,32,2,2,3.292,4914.153,10549.925,27180.232,811.990,1
1,100000000,32,10000,1,2,2,0.891,6509.841,19611.379,125482.997,1538.157,1
1,100000000,32,10000,2,2,2,0.881,6743.289,17519.831,170800.805,1478.054,1
1,100000000,32,10000,4,2,2,1.010,6681.263,15542.242,140802.745,1415.463,1
1,100000000,32,10000,8,2,2,0.828,6483.460,13799.426,91562.887,1498.224,1
1,100000000,32,10000,16,2,2,0.941,6608.616,12912.909,133318.142,1432.006,1
1,100000000,32,10000,32,2,2,0.920,6045.047,11697.784,41370.863,1347.032,1
1,100000000,128,10000,1,2,2,0.868,13672.498,26759.542,279265.502,3221.457,1
1,100000000,128,10000,2,2,2,0.873,13791.319,24475.488,199016.813,3361.727,1
1,100000000,128,10000,4,2,2,0.892,15142.429,23949.221,418410.857,3223.344,1
1,100000000,128,10000,8,2,2,1.061,13881.554,21107.323,245649.763,3353.158,1
1,100000000,128,10000,16,2,2,0.868,13572.372,19872.983,282938.011,3241.167,1
1,100000000,128,10000,32,2,2,0.825,12715.411,18402.816,310024.873,3055.356,1
1,100000,8,10000,1,4,4,0.931,11.521,21.740,21.321,1.941,1
1,100000,8,10000,2,4,4,0.832,11.018,21.911,19.531,1.993,1
1,100000,8,10000,4,4,4,0.923,19.315,30.249,19.780,1.961,1
1,100000,8,10000,8,4,4,0.987,19.451,30.097,19.865,2.639,1
1,100000,8,10000,16,4,4,1.012,19.940,30.747,19.693,2.035,1
1,100000,8,10000,32,4,4,0.785,11.970,24.746,15.339,2.132,1
1,100000,32,10000,1,4,4,0.869,12.631,22.977,27.196,2.517,1
1,100000,32,10000,2,4,4,0.923,19.236,28.871,26.634,2.765,1
1,100000,32,10000,4,4,4,1.163,11.530,22.978,27.116,2.551,1
1,100000,32,10000,8,4,4,0.905,19.010,30.305,26.167,2.579,1
1,100000,32,10000,16,4,4,1.054,18.431,30.076,26.773,2.792,1
1,100000,32,10000,32,4,4,0.871,19.555,31.234,24.255,2.644,1
1,100000,128,10000,1,4,4,0.905,20.414,30.904,54.016,5.005,1
1,100000,128,10000,2,4,4,0.880,21.275,31.699,53.801,4.614,1
1,100000,128,10000,4,4,4,0.895,20.915,31.848,54.677,4.411,1
1,100000,128,10000,8,4,4,0.878,21.247,32.544,58.791,4.819,1
1,100000,128,10000,16,4,4,0.856,21.650,32.961,60.187,4.628,1
1,100000,128,10000,32,4,4,0.763,20.798,32.987,55.026,4.118,1
1,1000000,8,10000,1,4,4,1.112,54.337,140.990,198.432,31.709,1
1,1000000,8,10000,2,4,4,0.939,58.098,141.001,231.987,15.926,1
1,1000000,8,10000,4,4,4,0.818,59.832,138.671,228.483,16.177,1
1,1000000,8,10000,8,4,4,0.848,56.063,135.386,227.750,16.699,1
1,1000000,8,10000,16,4,4,0.862,62.832,137.249,208.712,10.841,1
1,1000000,8,10000,32,4,4,0.833,51.492,126.695,224.048,9.371,1
1,1000000,32,10000,1,4,4,0.837,76.496,162.056,299.187,40.786,1
1,1000000,32,10000,2,4,4,0.828,73.220,156.865,319.598,22.673,1
1,1000000,32,10000,4,4,4,0.860,72.328,151.897,314.647,16.164,1
1,1000000,32,10000,8,4,4,0.966,74.683,151.800,301.436,22.126,1
1,1000000,32,10000,16,4,4,0.969,72.073,146.825,345.263,17.724,1
1,1000000,32,10000,32,4,4,0.859,72.689,148.636,293.552,15.983,1
1,1000000,128,10000,1,4,4,1.069,150.081,237.649,707.247,40.476,1
1,1000000,128,10000,2,4,4,1.068,147.471,230.126,680.395,35.570,1
1,1000000,128,10000,4,4,4,0.821,150.824,230.888,700.562,36.780,1
1,1000000,128,10000,8,4,4,0.830,153.075,230.655,679.964,43.099,1
1,1000000,128,10000,16,4,4,0.813,144.680,222.707,651.187,40.134,1
1,1000000,128,10000,32,4,4,0.801,134.720,209.631,645.603,42.734,1
1,10000000,8,10000,1,4,4,0.903,521.853,1451.968,2123.424,85.549,1
1,10000000,8,10000,2,4,4,1.120,518.841,1366.653,2015.563,103.763,1
1,10000000,8,10000,4,4,4,0.910,526.821,1312.122,2002.638,85.324,1
1,10000000,8,10000,8,4,4,0.951,529.251,1263.766,2077.496,108.864,1
1,10000000,8,10000,16,4,4,1.056,519.628,1222.884,2068.896,85.731,1
1,10000000,8,10000,32,4,4,0.782,488.541,1159.075,1864.128,107.089,1
1,10000000,32,10000,1,4,4,0.859,707.065,1637.669,3210.793,145.530,1
1,10000000,32,10000,2,4,4,0.886,692.741,1541.213,3074.109,166.090,1
1,10000000,32,10000,4,4,4,0.988,714.977,1502.398,3190.762,166.611,1
1,10000000,32,10000,8,4,4,0.851,702.768,1440.910,3064.154,169.005,1
1,10000000,32,10000,16,4,4,0.861,716.315,1420.394,3188.052,173.076,1
1,10000000,32,10000,32,4,4,0.745,669.060,1344.910,2792.014,162.329,1
1,10000000,128,10000,1,4,4,0.792,1398.712,2332.199,6655.679,335.189,1
1,10000000,128,10000,2,4,4,0.880,1399.649,2248.780,6729.777,361.226,1
1,10000000,128,10000,4,4,4,0.846,1409.364,2193.766,6741.140,340.688,1
1,10000000,128,10000,8,4,4,0.825,1400.041,2133.928,6577.476,352.540,1
1,10000000,128,10000,16,4,4,0.852,1406.533,2109.331,6637.420,353.708,1
1,10000000,128,10000,32,4,4,0.875,1310.609,1990.425,6360.019,324.644,1
1,100000000,8,10000,1,4,4,0.890,5153.720,15308.625,20172.885,841.828,1
1,100000000,8,10000,2,4,4,0.840,5069.274,14053.251,20117.104,854.970,1
1,100000000,8,10000,4,4,4,0.864,5184.188,13383.492,19488.397,849.434,1
1,100000000,8,10000,8,4,4,1.061,5054.083,12466.525,20229.012,840.996,1
1,100000000,8,10000,16,4,4,0.916,5162.919,12173.892,20397.975,845.893,1
1,100000000,8,10000,32,4,4,0.731,4795.203,11430.182,19129.317,821.182,1
1,100000000,32,10000,1,4,4,0.825,6930.886,17057.381,118189.308,1409.140,1
1,100000000,32,10000,2,4,4,0.909,6979.393,15992.244,111649.519,1423.493,1
1,100000000,32,10000,4,4,4,0.923,6970.305,15120.196,110516.726,1420.238,1
1,100000000,32,10000,8,4,4,0.934,6941.296,14266.981,30687.610,1435.142,1
1,100000000,32,10000,16,4,4,0.880,7036.346,14056.882,113667.254,1434.621,1
1,100000000,32,10000,32,4,4,0.911,6430.073,13022.510,108855.377,1347.831,1
1,100000000,128,10000,1,4,4,0.813,13617.767,23736.356,273065.058,3235.885,1
1,100000000,128,10000,2,4,4,0.839,13797.207,22841.505,283344.757,3282.163,1
1,100000000,128,10000,4,4,4,0.974,13756.881,21847.202,80138.732,3233.649,1
1,100000000,128,10000,8,4,4,0.988,14041.790,21510.998,282688.708,3282.073,1
1,100000000,128,10000,16,4,4,0.890,13653.434,20644.229,264795.984,3280.342,1
1,100000000,128,10000,32,4,4,0.764,13723.130,20478.180,270936.253,3221.181,1
1,100000,8,10000,1,8,8,1.068,10.197,21.388,18.217,2.177,1
1,100000,8,10000,2,8,8,0.825,18.849,29.615,19.977,2.766,1
1,100000,8,10000,4,8,8,0.916,19.190,31.006,19.434,2.732,1
1,100000,8,10000,8,8,8,0.809,19.270,31.643,17.128,2.300,1
1,100000,8,10000,16,8,8,1.038,18.304,30.592,18.022,2.188,1
1,100000,8,10000,32,8,8,0.750,19.210,32.273,17.402,2.089,1
1,100000,32,10000,1,8,8,0.811,19.421,30.626,25.704,2.695,1
1,100000,32,10000,2,8,8,0.880,19.908,31.658,26.474,3.225,1
1,100000,32,10000,4,8,8,0.901,19.940,31.425,24.123,2.759,1
1,100000,32,10000,8,8,8,0.928,19.642,32.691,25.427,2.651,1
1,100000,32,10000,16,8,8,0.843,20.154,33.798,25.122,2.561,1
1,100000,32,10000,32,8,8,0.801,19.146,32.592,24.213,2.273,1
1,100000,128,10000,1,8,8,0.896,20.475,31.474,56.062,4.886,1
1,100000,128,10000,2,8,8,0.847,20.401,31.611,53.203,4.643,1
1,100000,128,10000,4,8,8,0.910,28.354,40.741,54.725,5.031,1
1,100000,128,10000,8,8,8,1.044,20.558,32.971,52.478,5.213,1
1,100000,128,10000,16,8,8,0.879,28.732,41.444,53.128,4.638,1
1,100000,128,10000,32,8,8,0.826,19.979,33.444,76.754,4.258,1
1,1000000,8,10000,1,8,8,0.846,62.821,148.864,191.524,10.279,1
1,1000000,8,10000,2,8,8,0.894,64.325,146.754,206.177,22.549,1
1,1000000,8,10000,4,8,8,1.128,63.681,146.660,211.369,17.029,1
1,1000000,8,10000,8,8,8,0.986,61.549,146.720,236.482,17.069,1
1,1000000,8,10000,16,8,8,0.922,63.472,147.847,209.485,17.967,1
1,1000000,8,10000,32,8,8,0.888,54.553,138.507,169.082,9.364,1
1,1000000,32,10000,1,8,8,1.017,95.312,179.685,307.992,25.561,1
1,1000000,32,10000,2,8,8,0.823,84.203,167.569,347.024,16.270,1
1,1000000,32,10000,4,8,8,1.207,82.334,167.015,314.921,24.330,1
1,1000000,32,10000,8,8,8,0.919,82.743,167.150,315.366,20.841,1
1,1000000,32,10000,16,8,8,1.068,81.672,164.596,316.778,17.102,1
1,1000000,32,10000,32,8,8,0.794,79.902,164.279,312.645,15.993,1
1,1000000,128,10000,1,8,8,1.032,156.244,243.839,678.722,35.886,1
1,1000000,128,10000,2,8,8,0.835,157.810,240.580,687.710,40.523,1
1,1000000,128,10000,4,8,8,0.956,157.056,242.689,637.936,37.346,1
1,1000000,128,10000,8,8,8,0.885,154.631,241.609,781.896,36.391,1
1,1000000,128,10000,16,8,8,1.061,154.613,238.947,688.762,39.393,1
1,1000000,128,10000,32,8,8,0.922,135.684,219.317,674.022,31.996,1
1,10000000,8,10000,1,8,8,0.939,539.656,1388.552,2009.909,88.073,1
1,10000000,8,10000,2,8,8,0.828,533.333,1339.137,1980.662,86.395,1
1,10000000,8,10000,4,8,8,0.830,542.429,1322.851,2054.726,84.791,1
1,10000000,8,10000,8,8,8,0.931,539.812,1302.608,1983.992,87.457,1
1,10000000,8,10000,16,8,8,0.929,537.984,1287.326,2067.096,92.725,1
1,10000000,8,10000,32,8,8,0.804,512.143,1242.577,1836.123,84.287,1
1,10000000,32,10000,1,8,8,0.945,730.016,1569.859,3096.423,159.220,1
1,10000000,32,10000,2,8,8,0.839,714.679,1520.439,3091.593,147.100,1
1,10000000,32,10000,4,8,8,0.868,712.543,1497.219,3097.365,145.823,1
1,10000000,32,10000,8,8,8,0.822,710.681,1473.219,3129.082,149.869,1
1,10000000,32,10000,16,8,8,1.013,733.228,1491.645,3109.500,148.064,1
1,10000000,32,10000,32,8,8,0.722,671.577,1396.914,2743.922,173.566,1
1,10000000,128,10000,1,8,8,0.941,1408.241,2253.935,6783.075,354.276,1
1,10000000,128,10000,2,8,8,0.959,1459.210,2264.105,6857.079,364.693,1
1,10000000,128,10000,4,8,8,0.937,1429.119,2225.128,6625.185,366.595,1
1,10000000,128,10000,8,8,8,1.006,1437.794,2199.981,6724.440,355.344,1
1,10000000,128,10000,16,8,8,0.953,1430.142,2180.670,6682.746,361.153,1
1,10000000,128,10000,32,8,8,0.745,1356.159,2101.799,6341.911,314.672,1
1,100000000,8,10000,1,8,8,1.076,5398.727,14233.614,20279.951,830.134,1
1,100000000,8,10000,2,8,8,0.877,5323.692,13609.506,20490.871,864.086,1
1,100000000,8,10000,4,8,8,0.996,5382.929,13361.838,19347.704,872.764,1
1,100000000,8,10000,8,8,8,0.874,5345.840,12911.561,19131.980,839.397,1
1,100000000,8,10000,16,8,8,0.936,5315.245,12721.014,20546.859,847.196,1
1,100000000,8,10000,32,8,8,0.812,4972.457,12065.228,19209.092,828.066,1
1,100000000,32,10000,1,8,8,0.914,7155.133,15977.200,30034.741,1422.937,1
1,100000000,32,10000,2,8,8,0.880,7115.674,15414.317,119959.353,1413.592,1
1,100000000,32,10000,4,8,8,1.004,7161.072,15074.090,30358.677,1415.723,1
1,100000000,32,10000,8,8,8,0.907,7283.522,14890.911,117279.784,1441.012,1
1,100000000,32,10000,16,8,8,0.936,7106.043,14503.928,114648.623,1432.809,1
1,100000000,32,10000,32,8,8,0.840,6673.780,13794.378,109831.734,1381.341,1
1,100000000,128,10000,1,8,8,0.832,16901.061,25710.962,281125.220,3310.835,1
1,100000000,128,10000,2,8,8,0.907,13793.420,22135.699,193948.155,3239.137,1
1,100000000,128,10000,4,8,8,0.835,14033.112,21973.501,70503.296,3246.355,1
1,100000000,128,10000,8,8,8,1.007,14075.826,21709.103,74679.251,3263.997,1
1,100000000,128,10000,16,8,8,0.859,14126.971,21553.488,271889.813,3261.189,1
1,100000000,128,10000,32,8,8,0.759,13101.915,20207.054,274085.991,3050.672,1
